"","bird_id","colony","wetdry_filename","depDate_comb","retDate_comb","deployment_period"
"1","BH594","Baccalieu - Ned Walsh","BH594_04Jul18_135310driftadj.deg",2017-09-20,2018-06-29,"2017-2018"
"2","BH596","Baccalieu - Ned Walsh","BH596_04Jul18_134429driftadj.deg",2017-09-20,2018-06-29,"2017-2018"
"3","BH602","Baccalieu - Ned Walsh","BH602_04Jul18_132708driftadj.deg",2017-09-20,2018-06-29,"2017-2018"
"4","BH584","Baccalieu - Ned Walsh","BH584_04Jul18_125355driftadj.deg",2017-09-20,2018-07-01,"2017-2018"
"5","BH603","Baccalieu - Ned Walsh","BH603_03Jul18_194628driftadj.deg",2017-09-19,2018-07-01,"2017-2018"
"6","BH595","Baccalieu - Ned Walsh","BH595_04Jul18_131651driftadj.deg",2017-09-19,2018-07-01,"2017-2018"
"7","BU853","Baccalieu - Ned Walsh","BU853_69W_4261-13034.deg",2019-08-27,2020-10-26,"2019-2020"
"8","BU869","Baccalieu - Ned Walsh","BU869_77W_2461-13037.deg",2019-08-27,2020-11-06,"2019-2020"
"9","BU832","Baccalieu - Ned Walsh","BU832_24Jul20_165309driftadj.deg",2019-08-27,2020-07-22,"2019-2020"
"10","BU847","Baccalieu - Ned Walsh","BU847_84W_2461-13042.deg",2019-08-27,2020-11-05,"2019-2020"
"11","BU843","Baccalieu - Ned Walsh","BU843_26Oct20_103357.deg",2019-08-27,2020-01-13,"2019-2020"
"12","BU860","Baccalieu - Ned Walsh","BU860_51W_2461-13045.deg",2019-08-28,2020-11-25,"2019-2020"
"13","BU856","Baccalieu - Ned Walsh","BU856_24Jul20_170551driftadj.deg",2019-08-28,2020-07-22,"2019-2020"
"14","BU837","Baccalieu - Ned Walsh","BU837_81W_2461-13051.deg",2019-08-28,2020-10-20,"2019-2020"
"15","BU848","Baccalieu - Ned Walsh","BU848_09Aug20_234030driftadj.deg",2019-08-28,2020-07-28,"2019-2020"
"16","BU831","Baccalieu - Ned Walsh","BU831_24Jul20_164026driftadj.deg",2019-08-28,2020-07-22,"2019-2020"
"17","CD447","Baccalieu - Ned Walsh","CD447_08Jul22_160021driftadj.deg",2021-08-18,2022-07-08,"2021-2022"
"18","CD511","Baccalieu - Ned Walsh","CD511_05Jul22_002528driftadj.deg",2021-08-18,2022-07-04,"2021-2022"
"19","CD472","Baccalieu - Ned Walsh","CD472_05Jul22_010112driftadj.deg",2021-08-18,2022-07-04,"2021-2022"
"20","CD474","Baccalieu - Ned Walsh","CD474_07Jul22_130729driftadj.deg",2021-08-18,2022-07-05,"2021-2022"
"21","CD448","Baccalieu - Ned Walsh","CD448_08Jul22_005237driftadj.deg",2021-08-19,2022-07-07,"2021-2022"
"22","CD441","Baccalieu - Ned Walsh","CD441_05Jul22_005402driftadj.deg",2021-08-19,2022-07-04,"2021-2022"
"23","CD500","Baccalieu - Ned Walsh","CD500_05Jul22_004700driftadj.deg",2021-08-19,2022-07-04,"2021-2022"
"24","CD473","Baccalieu - Ned Walsh","CD473_05Jul22_003222driftadj.deg",2021-08-19,2022-07-04,"2021-2022"
"25","CD491","Baccalieu - Ned Walsh","CD491_2461_13483_GLS411_NED_Walsh.deg",2021-08-17,2022-07-04,"2021-2022"
"26","CD471","Baccalieu - Ned Walsh","CD471_20Jul22_233823driftadj.deg",2021-08-17,2022-07-20,"2021-2022"
"27","CD489","Baccalieu - Ned Walsh","CD489_08Jul22_160811driftadj.deg",2021-08-18,2022-07-08,"2021-2022"
"28","CD445","Baccalieu - Ned Walsh","CD445_08Jul22_004608driftadj.deg",2021-08-18,2022-07-07,"2021-2022"
"29","CD443","Baccalieu - Ned Walsh","CD443_19Jul22_222813driftadj.deg",2021-08-18,2022-07-19,"2021-2022"
"30","CD444","Baccalieu - Ned Walsh","CD444_05Jul22_004040driftadj.deg",2021-08-18,2022-07-04,"2021-2022"
"31","CD505","Baccalieu - Ned Walsh","CD505_07Jul22_124843driftadj.deg",2021-08-18,2022-07-06,"2021-2022"
"32","CD494","Baccalieu - Ned Walsh","CD494_04Jul22_235146driftadj.deg",2021-08-18,2022-07-04,"2021-2022"
"33","CD453","Baccalieu - Ned Walsh","CD453_20Jul22_235018driftadj.deg",2021-08-18,2022-07-20,"2021-2022"
"34","CD509","Baccalieu - Ned Walsh","CD509_20Jul22_234326driftadj.deg",2021-08-18,2022-07-20,"2021-2022"
"35","CD510","Baccalieu - Ned Walsh","CD510_07Jul22_125502driftadj.deg",2021-08-18,2022-07-06,"2021-2022"
"36","CD499","Baccalieu - Ned Walsh","CD499_07Jul22_130122driftadj.deg",2021-08-18,2022-07-05,"2021-2022"
"37","CH722","Baccalieu - Ned Walsh","CH722_07Jul23_000058driftadj.deg",2022-08-19,2023-07-06,"2022-2023"
"38","CH723","Baccalieu - Ned Walsh","CH723_29Jul23_000751driftadj.deg",2022-08-19,2023-07-25,"2022-2023"
"39","CH736","Baccalieu - Ned Walsh","CH736_06Jul23_235330driftadj.deg",2022-08-19,2023-07-06,"2022-2023"
"40","CH031","Baccalieu - Ned Walsh","CH031_07Jul23_000904driftadj.deg",2022-09-20,2023-07-05,"2022-2023"
"41","CH017","Baccalieu - Ned Walsh","CH017_10Jul23_200722driftadj.deg",2022-09-20,2023-07-09,"2022-2023"
"42","CH789","Baccalieu - Ned Walsh","CH789_25Nov23_220418driftadj.deg",2022-09-21,2023-05-12,"2022-2023"
"43","CH743","Baccalieu - Ned Walsh","CH743_10Jul23_194345driftadj.deg",2022-09-21,2023-07-09,"2022-2023"
"44","CN827","Baccalieu - Ned Walsh","CN827_08Jul24_203710driftadj.deg",2023-08-27,2024-07-03,"2023-2024"
"45","CN855","Baccalieu - Ned Walsh","CN855_08Jul24_200015driftadj.deg",2023-08-27,2024-04-15,"2023-2024"
"46","CN838","Baccalieu - Ned Walsh","CN838_08Jul24_194626driftadj.deg",2023-08-27,2024-07-06,"2023-2024"
"47","CN826","Baccalieu - Ned Walsh","CN826_08Jul24_203239driftadj.deg",2023-08-27,2024-07-03,"2023-2024"
"48","CN861","Baccalieu - Ned Walsh","CN861_08Jul24_195237driftadj.deg",2023-08-27,2024-07-04,"2023-2024"
"49","CN833","Baccalieu - Ned Walsh","CN833_08Jul24_202851driftadj.deg",2023-08-27,2024-07-03,"2023-2024"
"50","CN852","Baccalieu - Ned Walsh","CN852_08Jul24_161239driftadj.deg",2023-08-27,2024-07-07,"2023-2024"
"51","CN849","Baccalieu - Ned Walsh","CN849_08Jul24_201226driftadj.deg",2023-08-27,2024-07-03,"2023-2024"
"52","CN834","Baccalieu - Ned Walsh","CN834_08Jul24_202037driftadj.deg",2023-08-27,2024-05-03,"2023-2024"
"53","CN863","Baccalieu - Ned Walsh","CN863_08Jul24_155058driftadj.deg",2023-08-27,2024-07-07,"2023-2024"
"54","CN857","Baccalieu - Ned Walsh","CN857_08Jul24_200721driftadj.deg",2023-08-27,2024-07-03,"2023-2024"
"55","CN824","Baccalieu - Ned Walsh","CN824_08Jul24_193935driftadj.deg",2023-08-28,2024-07-06,"2023-2024"
"56","BQ056","Bon Portage","BQ056_16Jul19_192708driftadj.deg",2018-09-06,2019-06-29,"2018-2019"
"57","BQ066","Bon Portage","BQ066_08Aug19_183341driftadj.deg",2018-09-06,2019-06-28,"2018-2019"
"58","BQ070","Bon Portage","BQ070_08Aug19_181211driftadj.deg",2018-09-13,2019-06-28,"2018-2019"
"59","BQ065","Bon Portage","BQ065_08Aug19_184409driftadj.deg",2018-09-13,2019-06-29,"2018-2019"
"60","BQ059","Bon Portage","BQ059_08Aug19_185745driftadj.deg",2018-09-14,2019-06-29,"2018-2019"
"61","BU786","Bon Portage","BU786_10Aug20_145254driftadj.deg",2019-08-26,2020-07-08,"2019-2020"
"62","BU789","Bon Portage","BU789_10Aug20_001103driftadj.deg",2019-08-26,2020-07-06,"2019-2020"
"63","BU745","Bon Portage","BU745_10Aug20_152437driftadj.deg",2019-08-27,2020-07-08,"2019-2020"
"64","BU749","Bon Portage","BU749_10Aug20_150043driftadj.deg",2019-08-27,2020-07-08,"2019-2020"
"65","BU738","Bon Portage","BU738_10Aug20_003037driftadj.deg",2019-08-27,2020-07-06,"2019-2020"
"66","BU751","Bon Portage","BU751_10Aug20_142952driftadj.deg",2019-08-27,2020-07-08,"2019-2020"
"67","BU791","Bon Portage","BU791_10Aug20_144621driftadj.deg",2019-08-27,2020-07-08,"2019-2020"
"68","BU758","Bon Portage","BU758_10Aug20_141808driftadj.deg",2019-08-27,2020-07-07,"2019-2020"
"69","BU757","Bon Portage","BU757_10Aug20_174504driftadj.deg",2019-08-27,2020-07-09,"2019-2020"
"70","BU748","Bon Portage","BU748_10Aug20_002325driftadj.deg",2019-08-27,2020-07-06,"2019-2020"
"71","BU759","Bon Portage","BU759_26Oct20_104103.deg",2019-08-27,2020-07-07,"2019-2020"
"72","BU754","Bon Portage","BU754_10Aug20_143915driftadj.deg",2019-08-27,2020-07-08,"2019-2020"
"73","BU855","Bon Portage","BU855_10Aug20_175455driftadj.deg",2019-09-04,2020-07-10,"2019-2020"
"74","BU870","Bon Portage","BU870_10Aug20_151515driftadj.deg",2019-09-04,2020-07-08,"2019-2020"
"75","BU850","Bon Portage","BU850_10Aug20_140345driftadj.deg",2019-09-04,2020-07-06,"2019-2020"
"76","BU872","Bon Portage","BU872_10Aug20_150740driftadj.deg",2019-09-05,2020-07-08,"2019-2020"
"77","BU769","Bon Portage","BU769_10Aug20_001718driftadj.deg",2019-09-05,2020-07-06,"2019-2020"
"78","CH739","Bon Portage","CH739_20Sep23_160538driftadj.deg",2022-08-30,2023-07-05,"2022-2023"
"79","CH732","Bon Portage","CH732_20Sep23_161252driftadj.deg",2022-08-30,2023-07-05,"2022-2023"
"80","CH728","Bon Portage","CH728_20Sep23_162320driftadj.deg",2022-09-01,2023-07-05,"2022-2023"
"81","CH717","Bon Portage","CH717_20Sep23_162803driftadj.deg",2022-09-01,2023-07-07,"2022-2023"
"82","CH720","Bon Portage","CH720_20Sep23_163240driftadj.deg",2022-09-01,2023-07-08,"2022-2023"
"83","CH726","Bon Portage","CH726_20Sep23_163651driftadj.deg",2022-09-02,2023-07-05,"2022-2023"
"84","CH737","Bon Portage","CH737_25Nov23_221908.deg",2022-09-02,2023-05-12,"2022-2023"
"85","CH729","Bon Portage","CH729_20Sep23_164450driftadj.deg",2022-09-02,2023-07-05,"2022-2023"
"86","CH037","Bon Portage","CH037_20Sep23_165042driftadj.deg",2022-09-02,2023-07-04,"2022-2023"
"87","CH709","Bon Portage","CH709_20Sep23_165617driftadj.deg",2022-09-02,2023-07-05,"2022-2023"
"88","CH719","Bon Portage","CH719_20Sep23_173943driftadj.deg",2022-09-02,2023-07-05,"2022-2023"
"89","CH721","Bon Portage","CH721_20Sep23_175250driftadj.deg",2022-09-02,2023-07-06,"2022-2023"
"90","CH724","Bon Portage","CH724_20Sep23_180205driftadj.deg",2022-09-02,2023-07-05,"2022-2023"
"91","BQ042","Country","BQ042_09Aug19_192915driftadj.deg",2018-09-06,2019-06-19,"2018-2019"
"92","BQ037","Country","BQ037_09Aug19_185636driftadj.deg",2018-09-07,2019-07-02,"2018-2019"
"93","BQ044","Country","BQ044_09Aug19_180730driftadj.deg",2018-09-07,2019-06-23,"2018-2019"
"94","BQ047","Country","BQ047_09Aug19_183446driftadj.deg",2018-09-07,2019-06-22,"2018-2019"
"95","BQ052","Country","BQ052_09Aug19_184302driftadj.deg",2018-09-07,2019-06-27,"2018-2019"
"96","BQ049","Country","BQ049_09Aug19_190430driftadj.deg",2018-09-07,2019-06-18,"2018-2019"
"97","BU783","Country","BU783_24Jul20_200254driftadj.deg",2019-09-11,2020-06-27,"2019-2020"
"98","BU752","Country","BU752_24Jul20_184058driftadj.deg",2019-09-11,2020-06-23,"2019-2020"
"99","BU468","Country","BU468_BurrowT4_1701-19783.deg",2019-09-11,2020-10-12,"2019-2020"
"100","BU763","Country","BU763_26Oct20_122356.deg",2019-09-11,2020-06-23,"2019-2020"
"101","BU776","Country","BU776_24Jul20_203551driftadj.deg",2019-09-11,2020-06-27,"2019-2020"
"102","BU767","Country","BU767_24Jul20_194811driftadj.deg",2019-09-11,2020-06-27,"2019-2020"
"103","BU469","Country","BU469_24Jul20_175437driftadj.deg",2019-09-11,2020-06-23,"2019-2020"
"104","BU781","Country","BU781_24Jul20_190513driftadj.deg",2019-09-11,2020-06-23,"2019-2020"
"105","BU770","Country","BU770_24Jul20_180125driftadj.deg",2019-09-11,2020-06-23,"2019-2020"
"106","BU463","Country","BU463_24Jul20_191305driftadj.deg",2019-09-11,2020-06-27,"2019-2020"
"107","BU460","Country","BU460_24Jul20_174722driftadj.deg",2019-09-11,2020-06-23,"2019-2020"
"108","BU762","Country","BU762_24Jul20_185537driftadj.deg",2019-09-11,2020-06-23,"2019-2020"
"109","BU736","Country","BU736_09Aug20_231538driftadj.deg",2019-09-11,2020-06-27,"2019-2020"
"110","BU788","Country","BU788_26Oct20_101547.deg",2019-09-11,2020-06-28,"2019-2020"
"111","BU461","Country","BU461_24Jul20_192028driftadj.deg",2019-09-11,2020-06-28,"2019-2020"
"112","BU740","Country","BU740_24Jul20_173914driftadj.deg",2019-09-11,2020-06-23,"2019-2020"
"113","BU780","Country","BU780_24Jul20_180946driftadj.deg",2019-09-11,2020-06-23,"2019-2020"
"114","CD606","Country","CD606_21juin22_130612driftadj.deg",2021-09-15,2022-06-04,"2021-2022"
"115","CD561","Country","CD561_21juin22_122248driftadj.deg",2021-09-15,2022-06-05,"2021-2022"
"116","CD570","Country","CD570_21juin22_123417driftadj.deg",2021-09-15,2022-06-04,"2021-2022"
"117","CD599","Country","CD599_21juin22_123956driftadj.deg",2021-09-15,2022-06-08,"2021-2022"
"118","CD612","Country","CD612_21juin22_193914driftadj.deg",2021-09-15,2022-06-08,"2021-2022"
"119","CD596","Country","CD596_21juin22_211227driftadj.deg",2021-09-16,2022-06-04,"2021-2022"
"120","CD611","Country","CD611_21juin22_125804driftadj.deg",2021-09-16,2022-06-04,"2021-2022"
"121","CD600","Country","CD600_21juin22_124708driftadj.deg",2021-09-16,2022-05-31,"2021-2022"
"122","CD590","Country","CD590_21juin22_204454driftadj.deg",2021-09-16,2022-06-07,"2021-2022"
"123","CD574","Country","CD574_21juin22_131211driftadj.deg",2021-09-16,2022-06-06,"2021-2022"
"124","CD594","Country","CD594_21juin22_204006driftadj.deg",2021-09-16,2022-05-30,"2021-2022"
"125","CD601","Country","CD601_21juin22_132404driftadj.deg",2021-09-17,2022-06-08,"2021-2022"
"126","CD578","Country","CD578_21juin22_202936driftadj.deg",2021-09-17,2022-06-06,"2021-2022"
"127","CD608","Country","CD608_21juin22_203446driftadj.deg",2021-09-17,2022-05-31,"2021-2022"
"128","CD591","Country","CD591_21juin22_205022driftadj.deg",2021-09-18,2022-06-05,"2021-2022"
"129","CD598","Country","CD598_21juin22_201339driftadj.deg",2021-09-16,2022-06-03,"2021-2022"
"130","BQ013","Gull","BQ013_04Jul19_151839driftadj.deg",2018-09-20,2019-06-27,"2018-2019"
"131","BQ014","Gull","BQ014_04Jul19_150643driftadj.deg",2018-09-20,2019-06-26,"2018-2019"
"132","BQ020","Gull","BQ020_18Jul19_123342driftadj.deg",2018-09-20,2019-07-17,"2018-2019"
"133","BQ021","Gull","BQ021_04Jul19_143943driftadj.deg",2018-09-26,2019-06-14,"2018-2019"
"134","BQ032","Gull","BQ032_21Aug19_172929driftadj.deg",2018-09-27,2019-08-16,"2018-2019"
"135","BQ030","Gull","BQ030_28Jun19_200149driftadj.deg",2018-09-27,2019-06-27,"2018-2019"
"136","BQ022","Gull","BQ022_21Aug19_171619driftadj.deg",2018-09-27,2019-08-06,"2018-2019"
"137","BQ026","Gull","BQ026_28Jun19_194234driftadj.deg",2018-09-27,2019-06-26,"2018-2019"
"138","BQ033","Gull","BQ033_04Jul19_145229driftadj.deg",2018-09-20,2019-06-26,"2018-2019"
"139","BQ017","Gull","BQ017_12Jul19_170524driftadj.deg",2018-09-21,2019-07-11,"2018-2019"
"140","BU976","Gull","BU976_28Aug20_174622driftadj.deg",2019-09-21,2020-06-25,"2019-2020"
"141","BU975","Gull","BU975_28Aug20_175317driftadj.deg",2019-09-22,2020-07-02,"2019-2020"
"142","BU968","Gull","BU968_28Aug20_172122driftadj.deg",2019-09-22,2020-06-26,"2019-2020"
"143","BU737","Gull","BU737_15Jul20_165044driftadj.deg",2019-08-22,2020-07-06,"2019-2020"
"144","BU755","Gull","BU755_05Jul20_141953driftadj.deg",2019-08-21,2020-07-02,"2019-2020"
"145","BU753","Gull","BU753_05Jul20_151822driftadj.deg",2019-08-21,2020-07-02,"2019-2020"
"146","BU756","Gull","BU756_05Jul20_143424driftadj.deg",2019-08-21,2020-07-02,"2019-2020"
"147","BU849","Gull","BU849_15Jul20_164203driftadj.deg",2019-08-23,2020-07-06,"2019-2020"
"148","BU741","Gull","BU741_05Jul20_153139driftadj.deg",2019-08-22,2020-07-02,"2019-2020"
"149","BU851","Gull","BU851_05Jul20_155008driftadj.deg",2019-08-23,2020-07-02,"2019-2020"
"150","BU984","Gull","BU984_28Aug20_173943driftadj.deg",2019-09-21,2020-06-25,"2019-2020"
"151","BU977","Gull","BU977_28Aug20_180401driftadj.deg",2019-09-21,2020-07-05,"2019-2020"
"152","BU973","Gull","BU973_28Aug20_171001driftadj.deg",2019-09-21,2020-07-05,"2019-2020"
"153","BU982","Gull","BU982_28Aug20_181213driftadj.deg",2019-09-21,2020-07-09,"2019-2020"
"154","BU971","Gull","BU971_25Nov23_194250.deg",2019-09-22,2023-08-22,"Other"
"155","BU974","Gull","BU974_28Aug20_173156driftadj.deg",2019-09-22,2020-06-27,"2019-2020"
"156","BU970","Gull","BU970_28Aug20_181915driftadj.deg",2019-10-19,2020-06-25,"2019-2020"
"157","BU967","Gull","BU967_28Aug20_165138driftadj.deg",2019-09-22,2020-07-02,"2019-2020"
"158","BU868","Gull","BU868_24Jul20_162801driftadj.deg",2019-08-23,2020-07-02,"2019-2020"
"159","BU830","Gull","BU830_05Jul20_162252driftadj.deg",2019-08-23,2020-07-02,"2019-2020"
"160","BU857","Gull","BU857_05Jul20_161200driftadj.deg",2019-08-23,2020-07-02,"2019-2020"
"161","BU865","Gull","BU865_15Jul20_190213driftadj.deg",2019-09-11,2020-07-10,"2019-2020"
"162","BU867","Gull","BU867_05Jul20_154058driftadj.deg",2019-09-11,2020-07-02,"2019-2020"
"163","BU859","Gull","BU859_05Jul20_163634driftadj.deg",2019-09-11,2020-07-02,"2019-2020"
"164","CD468","Gull","CD468_30Jun22_195722driftadj.deg",2021-09-09,2022-06-16,"2021-2022"
"165","CD455","Gull","CD455_14Jul22_131454driftadj.deg",2021-09-09,2022-07-06,"2021-2022"
"166","CD484","Gull","CD484_30Jun22_191133driftadj.deg",2021-09-09,2022-06-16,"2021-2022"
"167","CD460","Gull","CD460_30Jun22_173534driftadj.deg",2021-09-09,2022-06-19,"2021-2022"
"168","CD486","Gull","CD486_30Jun22_180459driftadj.deg",2021-09-16,2022-06-16,"2021-2022"
"169","CD458","Gull","CD458_30Jun22_175044driftadj.deg",2021-09-16,2022-06-16,"2021-2022"
"170","CD490","Gull","CD490_14Jul22_125858driftadj.deg",2021-09-16,2022-07-05,"2021-2022"
"171","CD462","Gull","CD462_14Jul22_125304driftadj.deg",2021-09-16,2022-07-05,"2021-2022"
"172","CD450","Gull","CD450_14Jul22_130923driftadj.deg",2021-09-16,2022-07-05,"2021-2022"
"173","CD456","Gull","CD456_30Jun22_174327driftadj.deg",2021-09-16,2022-06-18,"2021-2022"
"174","CD467","Gull","CD467_30Jun22_190238driftadj.deg",2021-09-16,2022-06-16,"2021-2022"
"175","CD446","Gull","CD446_30Jun22_194631driftadj.deg",2021-09-16,2022-06-16,"2021-2022"
"176","CD507","Gull","CD507_30Jun22_195156driftadj.deg",2021-09-16,2022-06-16,"2021-2022"
"177","CD493","Gull","CD493_22Jun23_004919driftadj.deg",2021-09-16,2023-01-05,"Other"
"178","CD480","Gull","CD480_06Aug22_140316driftadj.deg",2021-09-16,2022-07-31,"2021-2022"
"179","CD454","Gull","CD454_30Jun22_192522driftadj.deg",2021-09-16,2022-06-16,"2021-2022"
"180","CH040","Gull","CH040_06Oct23_164055driftadj.deg",2022-06-16,2023-07-05,"2022-2023"
"181","CG805","Gull","CG805_22Jun23_003114driftadj.deg",2022-07-06,2023-06-17,"2022-2023"
"182","CH007","Gull","CH007_25Nov23_185417.deg",2022-06-19,2022-11-04,"2021-2022"
"183","CH001","Gull","CH001_20Jul23_194527driftadj.deg",2022-09-03,2023-07-08,"2022-2023"
"184","CH009","Gull","CH009_22Jun23_001856driftadj.deg",2022-06-17,2023-06-16,"2022-2023"
"185","CH026","Gull","CH026_05Oct23_001016driftadj.deg",2022-09-01,2023-07-28,"2022-2023"
"186","CH023","Gull","CH023_22Jun23_001225driftadj.deg",2022-07-05,2023-06-16,"2022-2023"
"187","CH021","Gull","CH021_22Jun23_000501driftadj.deg",2022-07-05,2023-06-16,"2022-2023"
"188","CH034","Gull","CH034_22Jun23_003643driftadj.deg",2022-07-05,2023-06-17,"2022-2023"
"189","CH004","Gull","CH004_06Oct23_165431driftadj.deg",2022-06-16,2023-07-07,"2022-2023"
"190","CH003","Gull","CH003_22Jun23_005639driftadj.deg",2022-07-31,2023-06-18,"2022-2023"
"191","CH015","Gull","CH015_05Oct23_000004driftadj.deg",2022-09-17,2023-09-24,"2022-2023"
"192","CN851","Gull","CN851_08Jul24_150339driftadj.deg",2023-09-25,2024-06-18,"2023-2024"
"193","CN841","Gull","CN841_20Aug24_165648driftadj.deg",2023-09-24,2024-07-09,"2023-2024"
"194","CN848","Gull","CN848_08Jul24_152621driftadj.deg",2023-09-24,2024-05-16,"2023-2024"
"195","CN858","Gull","CN858_28Jun24_230539driftadj.deg",2023-09-24,2024-06-27,"2023-2024"
"196","CN862","Gull","CN862_20Aug24_171110driftadj.deg",2023-09-24,2024-07-09,"2023-2024"
"197","CN840","Gull","CN840_08Jul24_144612driftadj.deg",2023-09-24,2024-06-18,"2023-2024"
"198","CN843","Gull","CN843_20Aug24_181941driftadj.deg",2023-09-24,2024-07-09,"2023-2024"
"199","CN850","Gull","CN850_08Jul24_153511driftadj.deg",2023-09-24,2024-06-18,"2023-2024"
"200","CN825","Gull","CN825_28Jun24_231459driftadj.deg",2023-09-24,2024-06-27,"2023-2024"
"201","CN831","Gull","CN831_28Jun24_231002driftadj.deg",2023-09-24,2024-06-27,"2023-2024"
"202","CN830","Gull","CN830_20Aug24_182954driftadj.deg",2023-09-25,2024-07-17,"2023-2024"
"203","CN854","Gull","CN854_28Jun24_225716driftadj.deg",2023-09-25,2024-06-27,"2023-2024"
"204","BP492","Kent","BP492_09Aug19_145417driftadj.deg",2018-09-14,2019-06-24,"2018-2019"
"205","BP504","Kent","BP504_26Oct20_115049.deg",2018-09-12,2019-10-04,"2018-2019"
"206","BP488","Kent","BP488_09Aug19_141441driftadj.deg",2018-09-12,2019-06-06,"2018-2019"
"207","BP493","Kent","BP493_26Oct20_104702.deg",2018-09-12,2019-08-08,"2018-2019"
"208","BP502","Kent","BP502_09Aug19_143103driftadj.deg",2018-09-13,2019-07-02,"2018-2019"
"209","BP491","Kent","BP491_09Aug19_165346driftadj.deg",2018-09-12,2019-06-29,"2018-2019"
"210","BP499","Kent","BP499_2461_09142_hash624_KentIsl_June25_2022.deg",2018-09-12,2019-08-31,"2018-2019"
"211","BP496","Kent","BP496_09Aug19_171436driftadj.deg",2018-09-13,2019-06-24,"2018-2019"
"212","BP505","Kent","BP505_26Oct20_121154.deg",2018-09-12,2019-10-08,"2018-2019"
"213","BP490","Kent","BP490_09Aug19_144318driftadj.deg",2018-09-13,2019-07-10,"2018-2019"
"214","BU790","Kent","BU790_17Aug20_133835driftadj.deg",2019-09-01,2020-06-26,"2019-2020"
"215","BU765","Kent","BU765_26Oct20_114500.deg",2019-09-01,2020-03-15,"2019-2020"
"216","BU768","Kent","BU768_17Aug20_133304driftadj.deg",2019-08-31,2020-07-01,"2019-2020"
"217","BU467","Kent","BU467_14Aug20_172633driftadj.deg",2019-09-01,2020-06-27,"2019-2020"
"218","BU775","Kent","BU775_17Aug20_130401driftadj.deg",2019-09-01,2020-07-01,"2019-2020"
"219","BU466","Kent","BU466_14Aug20_150933driftadj.deg",2019-08-31,2020-06-26,"2019-2020"
"220","BU772","Kent","BU772_17Aug20_122438driftadj.deg",2019-09-01,2020-06-28,"2019-2020"
"221","BU784","Kent","BU784_14Aug20_141554driftadj.deg",2019-08-31,2020-01-12,"2019-2020"
"222","BU785","Kent","BU785_17Aug20_121530driftadj.deg",2019-09-01,2020-06-30,"2019-2020"
"223","BU761","Kent","BU761_14Aug20_143907driftadj.deg",2019-08-31,2020-06-27,"2019-2020"
"224","BU773","Kent","BU773_14Aug20_162808driftadj.deg",2019-09-01,2020-06-27,"2019-2020"
"225","BU779","Kent","BU779_14Aug20_142322driftadj.deg",2019-09-01,2020-07-01,"2019-2020"
"226","BU465","Kent","BU465_17Aug20_120631driftadj.deg",2019-09-01,2020-06-27,"2019-2020"
"227","BU462","Kent","BU462_26Oct20_102817.deg",2019-09-01,2020-01-03,"2019-2020"
"228","BU774","Kent","BU774_17Aug20_123259driftadj.deg",2019-09-01,2020-06-30,"2019-2020"
"229","BU459","Kent","BU459_14Aug20_143046driftadj.deg",2019-09-01,2020-06-26,"2019-2020"
"230","CD589","Kent","CD589_31May22_132902driftadj.deg",2021-09-01,2022-05-26,"2021-2022"
"231","CD586","Kent","CD586_08Jun22_195332driftadj.deg",2021-09-01,2022-06-03,"2021-2022"
"232","CD569","Kent","CD569_20Sep22_driftadj.deg",2021-09-01,2022-07-05,"2021-2022"
"233","CD556","Kent","CD556_02Jun22_221008driftadj.deg",2021-08-30,2022-05-28,"2021-2022"
"234","CD592","Kent","CD592_02Jun22_223013driftadj.deg",2021-08-30,2022-05-28,"2021-2022"
"235","CD580","Kent","CD580_30May22_213154driftadj.deg",2021-08-30,2022-05-25,"2021-2022"
"236","CD577","Kent","CD577_08Jun22_194134driftadj.deg",2021-08-30,2022-06-03,"2021-2022"
"237","CD564","Kent","CD564_30May22_213651driftadj.deg",2021-08-30,2022-05-25,"2021-2022"
"238","CD554","Kent","CD554_07Jun22_223452driftadj.deg",2021-08-31,2022-06-02,"2021-2022"
"239","CD602","Kent","CD602_31May22_131451driftadj.deg",2021-09-01,2022-05-26,"2021-2022"
"240","CD575","Kent","CD575_01Jun22_133232driftadj.deg",2021-09-02,2022-05-27,"2021-2022"
"241","CD558","Kent","CD558_01Jun22_134831driftadj.deg",2021-08-30,2022-05-27,"2021-2022"
"242","CD560","Kent","CD560_02Jun22_222522driftadj.deg",2021-08-30,2022-05-28,"2021-2022"
"243","CD568","Kent","CD568_30May22_205349driftadj.deg",2021-08-31,2022-05-25,"2021-2022"
"244","CD588","Kent","CD588_31May22_131923driftadj.deg",2021-09-01,2022-05-26,"2021-2022"
"245","CD579","Kent","CD579_31May22_132454driftadj.deg",2021-09-01,2022-05-26,"2021-2022"
"246","CD557","Kent","CD557_01Jun22_132706driftadj.deg",2021-08-30,2022-05-27,"2021-2022"
"247","CD593","Kent","CD593_02Jun22_221449driftadj.deg",2021-08-30,2022-05-28,"2021-2022"
"248","CD559","Kent","CD559_03Jun22_141809driftadj.deg",2021-08-30,2022-05-29,"2021-2022"
"249","CD552","Kent","CD552_12Jun22_020816driftadj.deg",2021-08-30,2022-06-06,"2021-2022"
"250","CD581","Kent","CD581_01Jun22_134401driftadj.deg",2021-08-31,2022-05-27,"2021-2022"
"251","CD572","Kent","CD572_31May22_133511driftadj.deg",2021-08-31,2022-05-26,"2021-2022"
"252","CD576","Kent","CD576_08Jun22_194708driftadj.deg",2021-09-01,2022-06-03,"2021-2022"
"253","CD582","Kent","CD582_01Jun22_134042driftadj.deg",2021-09-01,2022-05-27,"2021-2022"
"254","CD565","Kent","CD565_07Jun22_223035driftadj.deg",2021-09-02,2022-06-02,"2021-2022"
"255","CD571","Kent","CD571_31May22_134034driftadj.deg",2021-09-01,2022-05-26,"2021-2022"
"256","CD555","Kent","CD555_04Jun22_144732driftadj.deg",2021-09-01,2022-05-30,"2021-2022"
"257","CD461","Middle Lawn","CD461_26Jun22_142352driftadj.deg",2021-09-22,2022-06-21,"2021-2022"
"258","CD501","Middle Lawn","CD501_25Nov23_184453driftadj.deg",2021-09-22,2023-01-01,"Other"
"259","CD477","Middle Lawn","CD477_10Jul22_233422driftadj.deg",2021-09-22,2022-07-10,"2021-2022"
"260","CD470","Middle Lawn","CD470_13Jul22_194519driftadj.deg",2021-09-22,2022-07-13,"2021-2022"
"261","CD479","Middle Lawn","CD479_26Jun22_144236driftadj.deg",2021-09-22,2022-06-21,"2021-2022"
"262","CD482","Middle Lawn","CD482_10Jul22_121916driftadj.deg",2021-09-22,2022-07-09,"2021-2022"
"263","CD442","Middle Lawn","CD442_11Jul22_184145driftadj.deg",2021-09-22,2022-07-11,"2021-2022"
"264","CD495","Middle Lawn","CD495_26Jun22_174247driftadj.deg",2021-09-22,2022-06-23,"2021-2022"
"265","CD498","Middle Lawn","CD498_26Jun22_141332driftadj.deg",2021-09-22,2022-06-24,"2021-2022"
"266","CD463","Middle Lawn","CD463_10Jul22_121110driftadj.deg",2021-09-22,2022-07-09,"2021-2022"
"267","CD475","Middle Lawn","CD475_26Jun22_143544driftadj.deg",2021-09-22,2022-06-21,"2021-2022"
"268","CD485","Middle Lawn","CD485_13Jul22_193801driftadj.deg",2021-09-22,2022-07-13,"2021-2022"
"269","CD449","Middle Lawn","CD449_26Jun22_152353driftadj.deg",2021-09-22,2022-06-23,"2021-2022"
"270","CD504","Middle Lawn","CD504_26Jun22_144907driftadj.deg",2021-09-22,2022-06-22,"2021-2022"
"271","CD497","Middle Lawn","CD497_26Jun22_150053driftadj.deg",2021-09-23,2022-06-21,"2021-2022"
"272","CD503","Middle Lawn","CD503_26Jun22_142952driftadj.deg",2021-09-23,2022-06-21,"2021-2022"
"273","CD459","Middle Lawn","CD459_26Jun22_151544driftadj.deg",2021-09-24,2022-06-22,"2021-2022"
"274","CD496","Middle Lawn","CD496_26Jun22_145527driftadj.deg",2021-09-24,2022-06-22,"2021-2022"
"275","CD508","Middle Lawn","CD508_26Jun22_175030driftadj.deg",2021-09-24,2022-06-21,"2021-2022"
"276","CH012","Middle Lawn","CH012_10Jul23_182045driftadj.deg",2022-08-22,2023-07-01,"2022-2023"
"277","CH000","Middle Lawn","CH000_05Jul23_131219driftadj.deg",2022-08-22,2023-06-28,"2022-2023"
"278","CH790","Middle Lawn","CH790_25Nov23_220016driftadj.deg",2022-08-22,2023-06-29,"2022-2023"
"279","CH022","Middle Lawn","CH022_10Jul23_184436driftadj.deg",2022-08-22,2023-06-30,"2022-2023"
"280","CH718","Middle Lawn","CH718_05Jul23_122529driftadj.deg",2022-08-22,2023-06-28,"2022-2023"
"281","CH707","Middle Lawn","CH707_05Jul23_125400driftadj.deg",2022-08-22,2023-06-28,"2022-2023"
"282","CH731","Middle Lawn","CH731_10Jul23_190119driftadj.deg",2022-08-22,2023-06-29,"2022-2023"
"283","CH019","Middle Lawn","CH019_10Jul23_193212driftadj.deg",2022-08-22,2023-06-28,"2022-2023"
"284","CH033","Middle Lawn","CH033_10Jul23_183533driftadj.deg",2022-08-22,2023-06-29,"2022-2023"
"285","CH027","Middle Lawn","CH027_25Nov23_221158driftadj.deg",2022-08-23,2023-06-28,"2022-2023"
"286","CH036","Middle Lawn","CH036_10Jul23_190551driftadj.deg",2022-08-23,2023-06-30,"2022-2023"
"287","CH725","Middle Lawn","CH725_17Jul23_012417driftadj.deg",2022-08-23,2023-07-13,"2022-2023"
"288","CH029","Middle Lawn","CH029_10Jul23_185010driftadj.deg",2022-08-23,2023-06-29,"2022-2023"
"289","CH032","Middle Lawn","CH032_10Jul23_193736driftadj.deg",2022-08-23,2023-06-30,"2022-2023"
"290","CH041","Middle Lawn","CH041_17Jul23_013449driftadj.deg",2022-08-23,2023-07-16,"2022-2023"
"291","CH008","Middle Lawn","CH008_05Jul23_130100driftadj.deg",2022-08-23,2023-06-30,"2022-2023"
"292","CH713","Middle Lawn","CH713_05Jul23_123013driftadj.deg",2022-08-23,2023-06-28,"2022-2023"
"293","CH727","Middle Lawn","CH727_10Jul23_183025driftadj.deg",2022-09-07,2023-06-28,"2022-2023"
"294","CH741","Middle Lawn","CH741_05Jul23_122043driftadj.deg",2022-09-08,2023-06-29,"2022-2023"
"295","CH706","Middle Lawn","CH706_05Jul23_123456driftadj.deg",2022-09-08,2023-06-28,"2022-2023"
"296","CH712","Middle Lawn","CH712_25Nov23_191654driftadj.deg",2022-09-08,2023-06-28,"2022-2023"
"297","CH738","Middle Lawn","CH738_17Jul23_014530driftadj.deg",2022-09-09,2023-07-16,"2022-2023"
"298","CH708","Middle Lawn","CH708_10Jul23_182529driftadj.deg",2022-09-09,2023-06-28,"2022-2023"
